Error,ï»¿CustDesc,ShipToName,SAddr1,SAddr2,SCity,SSt,SZip,InvoiceNo,InvoiceDate,WorkCode,TermsCode,SubTotal,SalesTaxChgs,ShippingChgs,InvoiceTotal,AmtPaidSoFar,BalanceDue,E2_Customer_Key,E2_Customer_Key2,CustDesc,DateEnt,pymtstatus,QuoteNo,E2_Invoice__c
INVALID_FIELD_FOR_INSERT_UPDATE:Attempting to update (as part of an upsert) parent field Account__c with new value 001Dn00000PjICpIAN, current value is 001Dn00000PjJUdIAN:Account__c --,Arizona Iron Furniture,,1209 W. Grand Ave.  ,,Phoenix,AZ,85007,40661,7/30/2018,POWDER,NET 30,Nofield,0,0,231.07,231.07,Balance Due,DCS_303,DCS_303,Arizona Iron Furniture,NULL,P,QuoteNo,31027
INVALID_FIELD_FOR_INSERT_UPDATE:Attempting to update (as part of an upsert) parent field Account__c with new value 001Dn00000PjICpIAN, current value is 001Dn00000PjJUdIAN:Account__c --,Arizona Iron Furniture,,1209 W. Grand Ave.  ,,Phoenix,AZ,85007,40660,7/30/2018,POWDER,NET 30,Nofield,0,0,154.37,154.37,Balance Due,DCS_303,DCS_303,Arizona Iron Furniture,NULL,P,QuoteNo,31028
INVALID_FIELD_FOR_INSERT_UPDATE:Attempting to update (as part of an upsert) parent field Account__c with new value 001Dn00000PjICpIAN, current value is 001Dn00000PjJUeIAN:Account__c --,Arizona Iron Furniture,,1209 W. Grand Ave.  ,,Phoenix,AZ,85007,40659,7/30/2018,POWDER,NET 30,Nofield,0,0,75,75,Balance Due,DCS_303,DCS_303,Arizona Iron Furniture,NULL,P,QuoteNo,31029
INVALID_FIELD_FOR_INSERT_UPDATE:Attempting to update (as part of an upsert) parent field Account__c with new value 001Dn00000PjICpIAN, current value is 001Dn00000PjJUeIAN:Account__c --,Arizona Iron Furniture,,1209 W. Grand Ave.  ,,Phoenix,AZ,85007,40658,7/30/2018,POWDER,NET 30,Nofield,0,0,190.19,190.19,Balance Due,DCS_303,DCS_303,Arizona Iron Furniture,NULL,P,QuoteNo,31030
INVALID_FIELD_FOR_INSERT_UPDATE:Attempting to update (as part of an upsert) parent field Account__c with new value 001Dn00000PjICpIAN, current value is 001Dn00000PjJUeIAN:Account__c --,Arizona Iron Furniture,,1209 W. Grand Ave.  ,,Phoenix,AZ,85007,40657,7/31/2018,POWDER,NET 30,Nofield,0,0,121.19,121.19,Balance Due,DCS_303,DCS_303,Arizona Iron Furniture,NULL,P,QuoteNo,31031
INVALID_FIELD_FOR_INSERT_UPDATE:Attempting to update (as part of an upsert) parent field Account__c with new value 001Dn00000PjICpIAN, current value is 001Dn00000PjJUeIAN:Account__c --,Arizona Iron Furniture,,1209 W. Grand Ave.  ,,Phoenix,AZ,85007,40656,7/30/2018,POWDER,NET 30,Nofield,0,0,0,0,Balance Due,DCS_303,DCS_303,Arizona Iron Furniture,NULL,P,QuoteNo,31032
INVALID_FIELD_FOR_INSERT_UPDATE:Attempting to update (as part of an upsert) parent field Account__c with new value 001Dn00000PjHlMIAV, current value is 001Dn00000PjJWhIAN:Account__c --,Gary's Gates Llc.,Gary's Gates Llc.,Gary Odekirk  ,,,  ,,40679,8/1/2018,MUSH POWDER,DUE ON RECEI,Nofield,1.73,0,159.23,159.23,Balance Due,DCS_1487,DCS_1487,Gary's Gates Llc.,NULL,P,QuoteNo,31033
INVALID_FIELD_FOR_INSERT_UPDATE:Attempting to update (as part of an upsert) parent field Account__c with new value 001Dn00000PjICjIAN, current value is 001Dn00000PjJVnIAN:Account__c --,Mobilis Manufacturing,Mobilis Manufacturing,6809 N. 56th Ave  ,,Glendale,AZ,85301,40655,7/30/2018,POWDER,NET 30,Nofield,0,0,420,420,Balance Due,DCS_3023,DCS_3023,Mobilis Manufacturing,NULL,P,QuoteNo,31034
INVALID_FIELD_FOR_INSERT_UPDATE:Attempting to update (as part of an upsert) parent field Account__c with new value 001Dn00000PjIKoIAN, current value is 001Dn00000PjJUlIAN:Account__c --,Quality Iron Design,Quality Iron Design,Tim Freiland  3035 S. 35th Ave,3035 S. 35th Ave,Phoenix,AZ,85009,40654,7/30/2018,POWDER,NET 30,Nofield,0,0,500,500,Balance Due,DCS_3484,DCS_3484,Quality Iron Design,NULL,P,QuoteNo,31035
INVALID_FIELD_FOR_INSERT_UPDATE:Attempting to update (as part of an upsert) parent field Account__c with new value 001Dn00000PjIRXIA3, current value is 001Dn00000PjJWgIAN:Account__c --,S Diamond Steel,S Diamond Steel,4205 W Lower Buckeye Rd  ,,Phoenix,AZ,85009,40650,7/30/2018,LIQUID,NET 30,Nofield,0,0,250.38,250.38,Balance Due,DCS_3863,DCS_3863,S Diamond Steel,NULL,P,QuoteNo,31036
INVALID_FIELD_FOR_INSERT_UPDATE:Attempting to update (as part of an upsert) parent field Account__c with new value 001Dn00000PjIfpIAF, current value is 001Dn00000PjJUsIAN:Account__c --,"Western Millwork, Inc",Western Mill Work,2940 West Willetta Street  ,,Phoenix,AZ,85009,40648,7/30/2018,POWDER,NET 30,Nofield,0,0,0,0,Balance Due,DCS_4666,DCS_4666,"Western Millwork, Inc",NULL,P,QuoteNo,31037
INVALID_FIELD_FOR_INSERT_UPDATE:Attempting to update (as part of an upsert) parent field Account__c with new value 001Dn00000PjIClIAN, current value is 001Dn00000PjJUsIAN:Account__c --,Mod Fire,Mod Fire,1745 W. Linden St.  ,,Pheonix,AZ,85007,40649,7/30/2018,POWDER,DUE ON RECEI,Nofield,0,0,0,0,Balance Due,DCS_3025,DCS_3025,Mod Fire,NULL,P,QuoteNo,31038
INVALID_FIELD_FOR_INSERT_UPDATE:Attempting to update (as part of an upsert) parent field Account__c with new value 001Dn00000PjIR2IAN, current value is 001Dn00000PjJUsIAN:Account__c --,Rustic Express,Rustic Express,13830 N. 19th Way  ,,Phoenix,AZ,85022,40647,7/30/2018,POWDER,DUE ON RECEI,Nofield,0,0,220,220,Balance Due,DCS_3834,DCS_3834,Rustic Express,NULL,P,QuoteNo,31039
INVALID_FIELD_FOR_INSERT_UPDATE:Attempting to update (as part of an upsert) parent field Account__c with new value 001Dn00000PjICDIA3, current value is 001Dn00000PjJUsIAN:Account__c --,"Milco Solutions, Inc","Milco Solutions, Inc",Po Box 18171  ,,Phoenix,AZ,85005-8171,40644,7/30/2018,POWDER,NET 30,Nofield,0,0,1130,1130,Balance Due,DCS_2993,DCS_2993,"Milco Solutions, Inc",NULL,P,QuoteNo,31040
INVALID_FIELD_FOR_INSERT_UPDATE:Attempting to update (as part of an upsert) parent field Account__c with new value 001Dn00000PjJObIAN, current value is 001Dn00000PjJUsIAN:Account__c --,Daniel Fragozo,Daniel Fragozo,  ,,,  ,,40680,7/31/2018,MUSH POWDER,DUE ON RECEI,Nofield,3.93,0,360.93,360.93,Balance Due,DCS_971,DCS_971,Daniel Fragozo,NULL,P,QuoteNo,31041
INVALID_FIELD_FOR_INSERT_UPDATE:Attempting to update (as part of an upsert) parent field Account__c with new value 001Dn00000PjIJ7IAN, current value is 001Dn00000PjJUsIAN:Account__c --,Phoenix Stair,Phoenix Stair,  ,,,  ,,40683,8/1/2018,MUSH POWDER,DUE ON RECEI,Nofield,1.39,0,127.39,127.39,Balance Due,DCS_3388,DCS_3388,Phoenix Stair,NULL,P,QuoteNo,31042
INVALID_FIELD_FOR_INSERT_UPDATE:Attempting to update (as part of an upsert) parent field Account__c with new value 001Dn00000PjIVyIAN, current value is 001Dn00000PjJUsIAN:Account__c --,Southwest Metalsmiths,Southwest Metalsmiths,5026 E Beverly Road  ,,Phoenix,AZ,85044,40681,7/27/2018,POWDER,NET 30,Nofield,0,0,1512,1512,Balance Due,DCS_4110,DCS_4110,Southwest Metalsmiths,NULL,P,QuoteNo,31043
INVALID_FIELD_FOR_INSERT_UPDATE:Attempting to update (as part of an upsert) parent field Account__c with new value 001Dn00000PjIVyIAN, current value is 001Dn00000PjJUsIAN:Account__c --,Southwest Metalsmiths,Southwest Metalsmiths,5026 E Beverly Road  ,,Phoenix,AZ,85044,40682,7/31/2018,POWDER,NET 30,Nofield,0,0,490.35,490.35,Balance Due,DCS_4110,DCS_4110,Southwest Metalsmiths,NULL,P,QuoteNo,31044
INVALID_FIELD_FOR_INSERT_UPDATE:Attempting to update (as part of an upsert) parent field Account__c with new value 001Dn00000PjHlMIAV, current value is 001Dn00000PjJVnIAN:Account__c --,Gary's Gates Llc.,Gary's Gates Llc.,Gary Odekirk  ,,,  ,,40715AT,8/2/2018,MUSH POWDER,DUE ON RECEI,Nofield,0,0,10,10,Balance Due,DCS_1487,DCS_1487,Gary's Gates Llc.,20:19.7,P,QuoteNo,31045
INVALID_FIELD_FOR_INSERT_UPDATE:Attempting to update (as part of an upsert) parent field Account__c with new value 001Dn00000PjIRkIAN, current value is 001Dn00000PjJUlIAN:Account__c --,Sage Tool,Sage Tool,Kevin Hall  4141 E. Raymond St. Suite H,4141 E. Raymond St. Suite H,Phoenix,AZ,85040,40689,8/1/2018,POWDER,DUE ON RECEI,Nofield,0,0,126,126,Balance Due,DCS_3875,DCS_3875,Sage Tool,00:38.3,P,QuoteNo,31046
INVALID_FIELD_FOR_INSERT_UPDATE:Attempting to update (as part of an upsert) parent field Account__c with new value 001Dn00000PjIttIAF, current value is 001Dn00000PjJUlIAN:Account__c --,Bogart Racing Wheels,Bogart Racing Weels,  ,,,  ,,40695,8/2/2018,MUSH POWDER,NET 30,Nofield,0,0,210,210,Balance Due,DCS_548,DCS_548,Bogart Racing Wheels,NULL,P,QuoteNo,31047
INVALID_FIELD_FOR_INSERT_UPDATE:Attempting to update (as part of an upsert) parent field Account__c with new value 001Dn00000PjIttIAF, current value is 001Dn00000PjJWgIAN:Account__c --,Bogart Racing Wheels,Bogart Racing Weels,  ,,,  ,,40696,8/2/2018,MUSH POWDER,NET 30,Nofield,0,0,189,189,Balance Due,DCS_548,DCS_548,Bogart Racing Wheels,NULL,P,QuoteNo,31048
INVALID_FIELD_FOR_INSERT_UPDATE:Attempting to update (as part of an upsert) parent field Account__c with new value 001Dn00000PjI34IAF, current value is 001Dn00000PjJVsIAN:Account__c --,Landmark Iron Designs,,8758 E. Waterford Cir.  ,,Mesa,AZ,85212,40719CR,8/2/2018,POWDER,NET 30,Nofield,0,0,-57.08,-57.08,Balance Due,DCS_2479,DCS_2479,Landmark Iron Designs,NULL,P,QuoteNo,31049
INVALID_FIELD_FOR_INSERT_UPDATE:Attempting to update (as part of an upsert) parent field Account__c with new value 001Dn00000PjICpIAN, current value is 001Dn00000PjJUlIAN:Account__c --,Arizona Iron Furniture,,1209 W. Grand Ave.  ,,Phoenix,AZ,85007,40699,8/2/2018,POWDER,NET 30,Nofield,0,0,286.22,286.22,Balance Due,DCS_303,DCS_303,Arizona Iron Furniture,NULL,P,QuoteNo,31050
INVALID_FIELD_FOR_INSERT_UPDATE:Attempting to update (as part of an upsert) parent field Account__c with new value 001Dn00000PjIi5IAF, current value is 001Dn00000PjJUsIAN:Account__c --,Cory Johnson,Cory Johnson,  ,,,  ,,40698,8/2/2018,LIQUID,DUE ON RECEI,Nofield,0,0,220.5,220.5,Balance Due,DCS_4795,DCS_4795,Cory Johnson,NULL,P,QuoteNo,31051
INVALID_FIELD_FOR_INSERT_UPDATE:Attempting to update (as part of an upsert) parent field Account__c with new value 001Dn00000PjIfpIAF, current value is 001Dn00000PjJUsIAN:Account__c --,"Western Millwork, Inc",Western Mill Work,2940 West Willetta Street  ,,Phoenix,AZ,85009,40697,8/2/2018,POWDER,NET 30,Nofield,0,0,462,462,Balance Due,DCS_4666,DCS_4666,"Western Millwork, Inc",NULL,P,QuoteNo,31052
INVALID_FIELD_FOR_INSERT_UPDATE:Attempting to update (as part of an upsert) parent field Account__c with new value 001Dn00000PjICDIA3, current value is 001Dn00000PjJUsIAN:Account__c --,"Milco Solutions, Inc","Milco Solutions, Inc",Po Box 18171  ,,Phoenix,AZ,85005-8171,40694,8/1/2018,POWDER,NET 30,Nofield,0,0,308.8,308.8,Balance Due,DCS_2993,DCS_2993,"Milco Solutions, Inc",NULL,P,QuoteNo,31053
INVALID_FIELD_FOR_INSERT_UPDATE:Attempting to update (as part of an upsert) parent field Account__c with new value 001Dn00000PjIdXIAV, current value is 001Dn00000PjJUsIAN:Account__c --,Upward Poject,Upward Poject,Walk - in  ,,,  ,,40688,8/1/2018,POWDER,DUE ON RECEI,Nofield,2.54,0,233.54,233.54,Balance Due,DCS_4536,DCS_4536,Upward Poject,NULL,P,QuoteNo,31054
INVALID_FIELD_FOR_INSERT_UPDATE:Attempting to update (as part of an upsert) parent field Account__c with new value 001Dn00000PjIfpIAF, current value is 001Dn00000PjJUsIAN:Account__c --,"Western Millwork, Inc",Western Mill Work,2940 West Willetta Street  ,,Phoenix,AZ,85009,40687,8/1/2018,POWDER,NET 30,Nofield,0,0,155.93,155.93,Balance Due,DCS_4666,DCS_4666,"Western Millwork, Inc",NULL,P,QuoteNo,31055
INVALID_FIELD_FOR_INSERT_UPDATE:Attempting to update (as part of an upsert) parent field Account__c with new value 001Dn00000PjIaCIAV, current value is 001Dn00000PjJUsIAN:Account__c --,The Wright Way Fabrications,The Wright Way Fabrications,Robert Wright  The Wright Way Fabrications,The Wright Way Fabrications,,  ,,40686,8/1/2018,POWDER,NET 30,Nofield,0,0,1575,1575,Balance Due,DCS_4349,DCS_4349,The Wright Way Fabrications,NULL,P,QuoteNo,31056
INVALID_FIELD_FOR_INSERT_UPDATE:Attempting to update (as part of an upsert) parent field Account__c with new value 001Dn00000PjI2ZIAV, current value is 001Dn00000PjJUsIAN:Account__c --,"K.T. Fabrication, Inc","K.T. Fabrication, Inc",501 E. Comstock Drive  ,,Chandler,AZ,85225,40690,8/1/2018,POWDER,NET 30,Nofield,0,0,2982,2982,Balance Due,DCS_2450,DCS_2450,"K.T. Fabrication, Inc",NULL,P,QuoteNo,31057
INVALID_FIELD_FOR_INSERT_UPDATE:Attempting to update (as part of an upsert) parent field Account__c with new value 001Dn00000PjIJ5IAN, current value is 001Dn00000PjJUeIAN:Account__c --,"Phoenix Pumps, Inc.","Phoenix Pumps, Inc.",5100 S. 36th Street  ,,,  ,,40692,8/1/2018,LIQUID,NET 30,Nofield,0,0,2679,2679,Balance Due,DCS_3386,DCS_3386,"Phoenix Pumps, Inc.",NULL,P,QuoteNo,31058
INVALID_FIELD_FOR_INSERT_UPDATE:Attempting to update (as part of an upsert) parent field Account__c with new value 001Dn00000PjIJ5IAN, current value is 001Dn00000PjJUdIAN:Account__c --,"Phoenix Pumps, Inc.","Phoenix Pumps, Inc.",5100 S. 36th Street  ,,,  ,,40691,8/1/2018,LIQUID,NET 30,Nofield,0,0,450,450,Balance Due,DCS_3386,DCS_3386,"Phoenix Pumps, Inc.",NULL,P,QuoteNo,31059
INVALID_FIELD_FOR_INSERT_UPDATE:Attempting to update (as part of an upsert) parent field Account__c with new value 001Dn00000PjIkbIAF, current value is 001Dn00000PjJWgIAN:Account__c --,IAC Industries,IAC Industries,  ,,,  ,,40684,8/1/2018,POWDER,DUE ON RECEI,Nofield,0,0,464.62,464.62,Balance Due,DCS_4926,DCS_4926,IAC Industries,07:39.9,P,QuoteNo,31060
INVALID_FIELD_FOR_INSERT_UPDATE:Attempting to update (as part of an upsert) parent field Account__c with new value 001Dn00000PjICDIA3, current value is 001Dn00000PjJUlIAN:Account__c --,"Milco Solutions, Inc","Milco Solutions, Inc",Po Box 18171  ,,Phoenix,AZ,85005-8171,40693,8/1/2018,POWDER,NET 30,Nofield,0,0,1075,1075,Balance Due,DCS_2993,DCS_2993,"Milco Solutions, Inc",NULL,P,QuoteNo,31061
INVALID_FIELD_FOR_INSERT_UPDATE:Attempting to update (as part of an upsert) parent field Account__c with new value 001Dn00000PjHg4IAF, current value is 001Dn00000PjJUdIAN:Account__c --,E2 Innovations,E2 Innovations,4001 N. 28th Ave.  ,,Phoenix,AZ,85017,40685,8/1/2018,POWDER,NET 30,Nofield,0,0,420,420,Balance Due,DCS_1190,DCS_1190,E2 Innovations,NULL,P,QuoteNo,31062
INVALID_FIELD_FOR_INSERT_UPDATE:Attempting to update (as part of an upsert) parent field Account__c with new value 001Dn00000PjIVyIAN, current value is 001Dn00000PjJUeIAN:Account__c --,Southwest Metalsmiths,Southwest Metalsmiths,5026 E Beverly Road  ,,Phoenix,AZ,85044,40702,8/2/2018,LIQUID,NET 30,Nofield,0,0,536.8,536.8,Balance Due,DCS_4110,DCS_4110,Southwest Metalsmiths,NULL,P,QuoteNo,31063
INVALID_FIELD_FOR_INSERT_UPDATE:Attempting to update (as part of an upsert) parent field Account__c with new value 001Dn00000PjIfpIAF, current value is 001Dn00000PjJVnIAN:Account__c --,"Western Millwork, Inc",Western Mill Work,2940 West Willetta Street  ,,Phoenix,AZ,85009,40705,8/2/2018,POWDER,NET 30,Nofield,0,0,451.5,451.5,Balance Due,DCS_4666,DCS_4666,"Western Millwork, Inc",NULL,P,QuoteNo,31064
INVALID_FIELD_FOR_INSERT_UPDATE:Attempting to update (as part of an upsert) parent field Account__c with new value 001Dn00000PjJM8IAN, current value is 001Dn00000PjJViIAN:Account__c --,Clyde Smith,Clyde Smith,  ,,,  ,,40700,8/3/2018,BLAST,DUE ON RECEI,Nofield,3.47,0,318.47,318.47,Balance Due,DCS_832,DCS_832,Clyde Smith,03:35.8,P,QuoteNo,31065
INVALID_FIELD_FOR_INSERT_UPDATE:Attempting to update (as part of an upsert) parent field Account__c with new value 001Dn00000PjHjjIAF, current value is 001Dn00000PjJWgIAN:Account__c --,"FMD Fabrication Services, LLC",FMD Fabrication Services,3401 E. Weir Ave  ,,Phoenix,AZ,85040,40704,8/2/2018,POWDER,NET 30,Nofield,0,0,210,210,Balance Due,DCS_1395,DCS_1395,"FMD Fabrication Services, LLC",NULL,P,QuoteNo,31066
INVALID_FIELD_FOR_INSERT_UPDATE:Attempting to update (as part of an upsert) parent field Account__c with new value 001Dn00000PjI2ZIAV, current value is 001Dn00000PjJVGIA3:Account__c --,"K.T. Fabrication, Inc","K.T. Fabrication, Inc",501 E. Comstock Drive  ,,Chandler,AZ,85225,40703,8/2/2018,POWDER,NET 30,Nofield,0,0,126,126,Balance Due,DCS_2450,DCS_2450,"K.T. Fabrication, Inc",NULL,P,QuoteNo,31067
INVALID_FIELD_FOR_INSERT_UPDATE:Attempting to update (as part of an upsert) parent field Account__c with new value 001Dn00000PjI2ZIAV, current value is 001Dn00000PjJVnIAN:Account__c --,"K.T. Fabrication, Inc","K.T. Fabrication, Inc",501 E. Comstock Drive  ,,Chandler,AZ,85225,40701,8/2/2018,POWDER,NET 30,Nofield,0,0,4583.25,4583.25,Balance Due,DCS_2450,DCS_2450,"K.T. Fabrication, Inc",NULL,P,QuoteNo,31068
INVALID_FIELD_FOR_INSERT_UPDATE:Attempting to update (as part of an upsert) parent field Account__c with new value 001Dn00000PjJO3IAN, current value is 001Dn00000PjJUsIAN:Account__c --,"Dadee Manufacturing, LLC","Dadee Manufacturing, Llc",1824 W. Broadway  ,,Phoenix,AZ,85041,40706,8/3/2018,POWDER,NET 45,Nofield,0,0,1550,1550,Balance Due,DCS_940,DCS_940,"Dadee Manufacturing, LLC",NULL,P,QuoteNo,31069
INVALID_FIELD_FOR_INSERT_UPDATE:Attempting to update (as part of an upsert) parent field Account__c with new value 001Dn00000PjHdyIAF, current value is 001Dn00000PjJUsIAN:Account__c --,Demil Transport Services,Demil Transport Services,PO Box R  945 E. Pima,945 E. Pima,Gila Bend,AZ,85337,40740CR,8/3/2018,POWDER,DUE ON RECEI,Nofield,0,0,-85.77,-85.77,Balance Due,DCS_1071,DCS_1071,Demil Transport Services,NULL,P,QuoteNo,31070
INVALID_FIELD_FOR_INSERT_UPDATE:Attempting to update (as part of an upsert) parent field Account__c with new value 001Dn00000PjIaCIAV, current value is 001Dn00000PjJUlIAN:Account__c --,The Wright Way Fabrications,The Wright Way Fabrications,Robert Wright  The Wright Way Fabrications,The Wright Way Fabrications,,  ,,40718,8/2/2018,POWDER,NET 30,Nofield,0,0,315,315,Balance Due,DCS_4349,DCS_4349,The Wright Way Fabrications,NULL,P,QuoteNo,31071
INVALID_FIELD_FOR_INSERT_UPDATE:Attempting to update (as part of an upsert) parent field Account__c with new value 001Dn00000PjIJrIAN, current value is 001Dn00000PjJUlIAN:Account__c --,PPE Engineering,PPE Engineering,"5861 S. Kyrene, Suite 1  ",,,  ,,40729,8/3/2018,CERAMIC,NET 30,Nofield,0,0,150,150,Balance Due,DCS_3430,DCS_3430,PPE Engineering,NULL,P,QuoteNo,31072
INVALID_FIELD_FOR_INSERT_UPDATE:Attempting to update (as part of an upsert) parent field Account__c with new value 001Dn00000PjHe0IAF, current value is 001Dn00000PjJUoIAN:Account__c --,Denali Metal Works,,"450 E. Pima Street, #2  ",,Phoenix,AZ,85004,40730,8/3/2018,POWDER,DUE ON RECEI,Nofield,0,0,441,441,Balance Due,DCS_1073,DCS_1073,Denali Metal Works,NULL,P,QuoteNo,31073
INVALID_FIELD_FOR_INSERT_UPDATE:Attempting to update (as part of an upsert) parent field Account__c with new value 001Dn00000PjI34IAF, current value is 001Dn00000PjJUlIAN:Account__c --,Landmark Iron Designs,,8758 E. Waterford Cir.  ,,Mesa,AZ,85212,40731,8/4/2018,POWDER,NET 30,Nofield,0,0,619.44,619.44,Balance Due,DCS_2479,DCS_2479,Landmark Iron Designs,NULL,P,QuoteNo,31074
INVALID_FIELD_FOR_INSERT_UPDATE:Attempting to update (as part of an upsert) parent field Account__c with new value 001Dn00000PjIkbIAF, current value is 001Dn00000PjJUlIAN:Account__c --,IAC Industries,IAC Industries,3831 S. Bullard Ave.  ,,Goodyear,AZ,85338,40745CR,8/6/2018,POWDER,NET 30,Nofield,0,0,-254.62,-254.62,Balance Due,DCS_4926,DCS_4926,IAC Industries,39:23.5,P,QuoteNo,31075
INVALID_FIELD_FOR_INSERT_UPDATE:Attempting to update (as part of an upsert) parent field Account__c with new value 001Dn00000PjIkiIAF, current value is 001Dn00000PjJWuIAN:Account__c --,Sulzer,Sulzer,2412 W. Durango St.  ,,Phoenix,AZ,85009,40708,8/3/2018,POWDER,DUE ON RECEI,Nofield,0,0,4042.5,4042.5,Balance Due,DCS_4932,DCS_4932,Sulzer,45:52.8,P,QuoteNo,31076
INVALID_FIELD_FOR_INSERT_UPDATE:Attempting to update (as part of an upsert) parent field Account__c with new value 001Dn00000PjIfpIAF, current value is 001Dn00000PjJVnIAN:Account__c --,"Western Millwork, Inc",Western Mill Work,2940 West Willetta Street  ,,Phoenix,AZ,85009,40735,7/31/2018,POWDER,NET 30,Nofield,0,0,441,441,Balance Due,DCS_4666,DCS_4666,"Western Millwork, Inc",NULL,P,QuoteNo,31077
INVALID_FIELD_FOR_INSERT_UPDATE:Attempting to update (as part of an upsert) parent field Account__c with new value 001Dn00000PjIJrIAN, current value is 001Dn00000PjJUlIAN:Account__c --,PPE Engineering,PPE Engineering,"5861 S. Kyrene, Suite 1  ",,,  ,,40734,8/4/2018,CERAMIC,NET 30,Nofield,0,0,60,60,Balance Due,DCS_3430,DCS_3430,PPE Engineering,NULL,P,QuoteNo,31078
INVALID_FIELD_FOR_INSERT_UPDATE:Attempting to update (as part of an upsert) parent field Account__c with new value 001Dn00000PjIJrIAN, current value is 001Dn00000PjJUsIAN:Account__c --,PPE Engineering,PPE Engineering,"5861 S. Kyrene, Suite 1  ",,,  ,,40733,8/4/2018,CERAMIC,NET 30,Nofield,0,0,135,135,Balance Due,DCS_3430,DCS_3430,PPE Engineering,NULL,P,QuoteNo,31079
INVALID_FIELD_FOR_INSERT_UPDATE:Attempting to update (as part of an upsert) parent field Account__c with new value 001Dn00000PjHlhIAF, current value is 001Dn00000PjJUsIAN:Account__c --,Geobrug (North America ),Geobrug (North America ),  ,,,  ,,40737,8/4/2018,POWDER,NET 30,Nofield,0,0,1711.8,1711.8,Balance Due,DCS_1505,DCS_1505,Geobrug (North America ),NULL,P,QuoteNo,31080
INVALID_FIELD_FOR_INSERT_UPDATE:Attempting to update (as part of an upsert) parent field Account__c with new value 001Dn00000PjIVyIAN, current value is 001Dn00000PjJUsIAN:Account__c --,Southwest Metalsmiths,Southwest Metalsmiths,5026 E Beverly Road  ,,Phoenix,AZ,85044,40707,8/4/2018,LIQUID,NET 30,Nofield,0,0,1044.75,1044.75,Balance Due,DCS_4110,DCS_4110,Southwest Metalsmiths,NULL,P,QuoteNo,31081
INVALID_FIELD_FOR_INSERT_UPDATE:Attempting to update (as part of an upsert) parent field Account__c with new value 001Dn00000PjIHJIA3, current value is 001Dn00000PjJViIAN:Account__c --,Patriotic Group LLC,Patriotic Group LLC,  ,,,  ,,40728,8/4/2018,TEFLON,DUE ON RECEI,Nofield,0,0,3780,3780,Balance Due,DCS_3287,DCS_3287,Patriotic Group LLC,NULL,P,QuoteNo,31082
INVALID_FIELD_FOR_INSERT_UPDATE:Attempting to update (as part of an upsert) parent field Account__c with new value 001Dn00000PjI34IAF, current value is 001Dn00000PjJUlIAN:Account__c --,Landmark Iron Designs,,8758 E. Waterford Cir.  ,,Mesa,AZ,85212,40727,8/4/2018,POWDER,NET 30,Nofield,0,0,1049.22,1049.22,Balance Due,DCS_2479,DCS_2479,Landmark Iron Designs,NULL,P,QuoteNo,31083
INVALID_FIELD_FOR_INSERT_UPDATE:Attempting to update (as part of an upsert) parent field Account__c with new value 001Dn00000PjHjRIAV, current value is 001Dn00000PjJUlIAN:Account__c --,Finn,Finn,1941-1945 E. Watkins St.  ,,Phoenix,AZ,85034,40725,8/4/2018,POWDER,NET 30,Nofield,0,0,7395.15,7395.15,Balance Due,DCS_1379,DCS_1379,Finn,NULL,P,QuoteNo,31084
INVALID_FIELD_FOR_INSERT_UPDATE:Attempting to update (as part of an upsert) parent field Account__c with new value 001Dn00000PjIl0IAF, current value is 001Dn00000PjJUxIAN:Account__c --,Phat Boy Tire,Phat Boy Tire,N/A  ,,,  ,,40726,8/3/2018,MUSH POWDER,DUE ON RECEI,Nofield,0,0,336,336,Balance Due,DCS_4949,DCS_4949,Phat Boy Tire,14:35.7,P,QuoteNo,31086
INVALID_FIELD_FOR_INSERT_UPDATE:Attempting to update (as part of an upsert) parent field Account__c with new value 001Dn00000PjIMNIA3, current value is 001Dn00000PjJVWIA3:Account__c --,Red Inc.,Red Inc.,Randy Ellis  2855 W. Fairmount Ave.,2855 W. Fairmount Ave.,Phoenix,AZ,85017,40723,8/3/2018,POWDER,NET 30,Nofield,0,0,374,374,Balance Due,DCS_3572,DCS_3572,Red Inc.,NULL,P,QuoteNo,31087
INVALID_FIELD_FOR_INSERT_UPDATE:Attempting to update (as part of an upsert) parent field Account__c with new value 001Dn00000PjI34IAF, current value is 001Dn00000PjJUsIAN:Account__c --,Landmark Iron Designs,,8758 E. Waterford Cir.  ,,Mesa,AZ,85212,40722,8/3/2018,MUSH POWDER,NET 30,Nofield,0,0,0,0,Balance Due,DCS_2479,DCS_2479,Landmark Iron Designs,NULL,P,QuoteNo,31088
INVALID_FIELD_FOR_INSERT_UPDATE:Attempting to update (as part of an upsert) parent field Account__c with new value 001Dn00000PjI6AIAV, current value is 001Dn00000PjJW4IAN:Account__c --,Magnum Engineering Inc.,Magnum Engineering Inc.,2439 South 49th Ave  ,,Phoenix,AZ,85043,40720,8/3/2018,POWDER,NET 30,Nofield,0,0,0,0,Balance Due,DCS_2652,DCS_2652,Magnum Engineering Inc.,NULL,P,QuoteNo,31090
INVALID_FIELD_FOR_INSERT_UPDATE:Attempting to update (as part of an upsert) parent field Account__c with new value 001Dn00000PjI1fIAF, current value is 001Dn00000PjJVnIAN:Account__c --,Andy Fontanari,,  ,,,  ,,40716,8/3/2018,POWDER,DUE ON RECEI,Nofield,1.73,0,159.15,159.15,Balance Due,DCS_240,DCS_240,Andy Fontanari,NULL,P,QuoteNo,31092
INVALID_FIELD_FOR_INSERT_UPDATE:Attempting to update (as part of an upsert) parent field Account__c with new value 001Dn00000PjHrqIAF, current value is 001Dn00000PjJUnIAN:Account__c --,Allred Metal Products,Allred Metal Products,  ,,,  ,,40714,8/2/2018,MUSH POWDER,NET 30,Nofield,0,0,126,126,Balance Due,DCS_185,DCS_185,Allred Metal Products,NULL,P,QuoteNo,31093
INVALID_FIELD_FOR_INSERT_UPDATE:Attempting to update (as part of an upsert) parent field Account__c with new value 001Dn00000PjHzkIAF, current value is 001Dn00000PjJWgIAN:Account__c --,Julio Munive,Julio Munive,Walk - in  ,,,  ,,40713,8/2/2018,MUSH POWDER,DUE ON RECEI,Nofield,1.62,0,148.62,148.62,Balance Due,DCS_2293,DCS_2293,Julio Munive,NULL,P,QuoteNo,31094
INVALID_FIELD_FOR_INSERT_UPDATE:Attempting to update (as part of an upsert) parent field Account__c with new value 001Dn00000PjIdXIAV, current value is 001Dn00000PjJUsIAN:Account__c --,Upward Poject,Upward Poject,Walk - in  ,,,  ,,40712,8/2/2018,MUSH POWDER,DUE ON RECEI,Nofield,1.39,0,127.39,127.39,Balance Due,DCS_4536,DCS_4536,Upward Poject,NULL,P,QuoteNo,31095
INVALID_FIELD_FOR_INSERT_UPDATE:Attempting to update (as part of an upsert) parent field Account__c with new value 001Dn00000PjHzkIAF, current value is 001Dn00000PjJUlIAN:Account__c --,Julio Munive,Julio Munive,Walk - in  ,,,  ,,40710,8/1/2018,MUSH POWDER,DUE ON RECEI,Nofield,6.81,0,626.31,626.31,Balance Due,DCS_2293,DCS_2293,Julio Munive,NULL,P,QuoteNo,31097
INVALID_FIELD_FOR_INSERT_UPDATE:Attempting to update (as part of an upsert) parent field Account__c with new value 001Dn00000PjIdXIAV, current value is 001Dn00000PjJUlIAN:Account__c --,Upward Poject,Upward Poject,Walk - in  ,,,  ,,40709,8/1/2018,MUSH POWDER,DUE ON RECEI,Nofield,1.39,0,127.39,127.39,Balance Due,DCS_4536,DCS_4536,Upward Poject,44:25.8,P,QuoteNo,31098
INVALID_FIELD_FOR_INSERT_UPDATE:Attempting to update (as part of an upsert) parent field Account__c with new value 001Dn00000PjHiqIAF, current value is 001Dn00000PjJUsIAN:Account__c --,Far From Average LLC.,Far From Average,1725 W. Williams dr.  Bldg: D  Ste: 41,Bldg: D  Ste: 41,Phoenix,AZ,85027,40732,8/3/2018,POWDER,NET 30,Nofield,0,0,105,105,Balance Due,DCS_1345,DCS_1345,Far From Average LLC.,NULL,P,QuoteNo,31099
INVALID_FIELD_FOR_INSERT_UPDATE:Attempting to update (as part of an upsert) parent field Account__c with new value 001Dn00000PjJO3IAN, current value is 001Dn00000PjJUsIAN:Account__c --,"Dadee Manufacturing, LLC","Dadee Manufacturing, Llc",1824 W. Broadway  ,,Phoenix,AZ,85041,40738,8/3/2018,POWDER,NET 45,Nofield,0,0,280,280,Balance Due,DCS_940,DCS_940,"Dadee Manufacturing, LLC",NULL,P,QuoteNo,31100
INVALID_FIELD_FOR_INSERT_UPDATE:Attempting to update (as part of an upsert) parent field Account__c with new value 001Dn00000PjICYIA3, current value is 001Dn00000PjJV0IAN:Account__c --,Misc T Metals,,  ,,,  ,,40715,8/3/2018,POWDER,NET 30,Nofield,0,0,12000,12000,Balance Due,DCS_3012,DCS_3012,Misc T Metals,NULL,P,QuoteNo,31101
INVALID_FIELD_FOR_INSERT_UPDATE:Attempting to update (as part of an upsert) parent field Account__c with new value 001Dn00000PjHlhIAF, current value is 001Dn00000PjJVGIA3:Account__c --,Geobrug (North America ),Geobrug (North America ),  ,,,  ,,40739,8/4/2018,DOCKERY,DUE ON RECEI,Nofield,0,0,11839,11839,Balance Due,DCS_1505,DCS_1505,Geobrug (North America ),NULL,P,QuoteNo,31102
INVALID_FIELD_FOR_INSERT_UPDATE:Attempting to update (as part of an upsert) parent field Account__c with new value 001Dn00000PjIRXIA3, current value is 001Dn00000PjJViIAN:Account__c --,S Diamond Steel,S Diamond Steel,4205 W Lower Buckeye Rd  ,,Phoenix,AZ,85009,40741,8/4/2018,POWDER,NET 30,Nofield,0,0,2205,2205,Balance Due,DCS_3863,DCS_3863,S Diamond Steel,NULL,P,QuoteNo,31104
INVALID_FIELD_FOR_INSERT_UPDATE:Attempting to update (as part of an upsert) parent field Account__c with new value 001Dn00000PjIRXIA3, current value is 001Dn00000PjJUlIAN:Account__c --,S Diamond Steel,S Diamond Steel,4205 W Lower Buckeye Rd  ,,Phoenix,AZ,85009,40742,8/4/2018,POWDER,NET 30,Nofield,0,0,0,0,Balance Due,DCS_3863,DCS_3863,S Diamond Steel,NULL,P,QuoteNo,31105
INVALID_FIELD_FOR_INSERT_UPDATE:Attempting to update (as part of an upsert) parent field Account__c with new value 001Dn00000PjIRXIA3, current value is 001Dn00000PjJWuIAN:Account__c --,S Diamond Steel,S Diamond Steel,4205 W Lower Buckeye Rd  ,,Phoenix,AZ,85009,40743,8/4/2018,POWDER,NET 30,Nofield,0,0,0,0,Balance Due,DCS_3863,DCS_3863,S Diamond Steel,NULL,P,QuoteNo,31106
INVALID_FIELD_FOR_INSERT_UPDATE:Attempting to update (as part of an upsert) parent field Account__c with new value 001Dn00000PjIRXIA3, current value is 001Dn00000PjJWvIAN:Account__c --,S Diamond Steel,S Diamond Steel,4205 W Lower Buckeye Rd  ,,Phoenix,AZ,85009,40736,8/4/2018,POWDER,NET 30,Nofield,0,0,6039.02,6039.02,Balance Due,DCS_3863,DCS_3863,S Diamond Steel,NULL,P,QuoteNo,31107
INVALID_FIELD_FOR_INSERT_UPDATE:Attempting to update (as part of an upsert) parent field Account__c with new value 001Dn00000PjICDIA3, current value is 001Dn00000PjJVnIAN:Account__c --,"Milco Solutions, Inc","Milco Solutions, Inc",Po Box 18171  ,,Phoenix,AZ,85005-8171,40717,8/3/2018,POWDER,NET 30,Nofield,0,0,176.4,176.4,Balance Due,DCS_2993,DCS_2993,"Milco Solutions, Inc",NULL,P,QuoteNo,31108
INVALID_FIELD_FOR_INSERT_UPDATE:Attempting to update (as part of an upsert) parent field Account__c with new value 001Dn00000PjJIlIAN, current value is 001Dn00000PjJUsIAN:Account__c --,"Castle Steel, Inc.","Castle Steel, Inc.",3828 N. 35th Avenue  ,,Phoenix,AZ,85017,40745,8/6/2018,BLAST,NET 30,Nofield,0,0,262.5,262.5,Balance Due,DCS_689,DCS_689,"Castle Steel, Inc.",NULL,P,QuoteNo,31109
INVALID_FIELD_FOR_INSERT_UPDATE:Attempting to update (as part of an upsert) parent field Account__c with new value 001Dn00000PjICpIAN, current value is 001Dn00000PjJUsIAN:Account__c --,Arizona Iron Furniture,,1209 W. Grand Ave.  ,,Phoenix,AZ,85007,40751,8/6/2018,POWDER,NET 30,Nofield,0,0,75,75,Balance Due,DCS_303,DCS_303,Arizona Iron Furniture,NULL,P,QuoteNo,31110
INVALID_FIELD_FOR_INSERT_UPDATE:Attempting to update (as part of an upsert) parent field Account__c with new value 001Dn00000PjICpIAN, current value is 001Dn00000PjJUsIAN:Account__c --,Arizona Iron Furniture,,1209 W. Grand Ave.  ,,Phoenix,AZ,85007,40749,8/6/2018,POWDER,NET 30,Nofield,0,0,141.27,141.27,Balance Due,DCS_303,DCS_303,Arizona Iron Furniture,NULL,P,QuoteNo,31112
INVALID_FIELD_FOR_INSERT_UPDATE:Attempting to update (as part of an upsert) parent field Account__c with new value 001Dn00000PjICpIAN, current value is 001Dn00000PjJWuIAN:Account__c --,Arizona Iron Furniture,,1209 W. Grand Ave.  ,,Phoenix,AZ,85007,40748,8/6/2018,POWDER,NET 30,Nofield,0,0,352.38,352.38,Balance Due,DCS_303,DCS_303,Arizona Iron Furniture,NULL,P,QuoteNo,31113
INVALID_FIELD_FOR_INSERT_UPDATE:Attempting to update (as part of an upsert) parent field Account__c with new value 001Dn00000PjICpIAN, current value is 001Dn00000PjJV0IAN:Account__c --,Arizona Iron Furniture,,1209 W. Grand Ave.  ,,Phoenix,AZ,85007,40747,8/6/2018,POWDER,NET 30,Nofield,0,0,659.25,659.25,Balance Due,DCS_303,DCS_303,Arizona Iron Furniture,NULL,P,QuoteNo,31114
INVALID_FIELD_FOR_INSERT_UPDATE:Attempting to update (as part of an upsert) parent field Account__c with new value 001Dn00000PjICpIAN, current value is 001Dn00000PjJWlIAN:Account__c --,Arizona Iron Furniture,,1209 W. Grand Ave.  ,,Phoenix,AZ,85007,40746,8/6/2018,POWDER,NET 30,Nofield,0,0,180.84,180.84,Balance Due,DCS_303,DCS_303,Arizona Iron Furniture,NULL,P,QuoteNo,31115
INVALID_FIELD_FOR_INSERT_UPDATE:Attempting to update (as part of an upsert) parent field Account__c with new value 001Dn00000PjJO3IAN, current value is 001Dn00000PjJVnIAN:Account__c --,"Dadee Manufacturing, LLC","Dadee Manufacturing, Llc",1824 W. Broadway  ,,Phoenix,AZ,85041,40744,8/6/2018,POWDER,NET 45,Nofield,0,0,400,400,Balance Due,DCS_940,DCS_940,"Dadee Manufacturing, LLC",NULL,P,QuoteNo,31116
INVALID_FIELD_FOR_INSERT_UPDATE:Attempting to update (as part of an upsert) parent field Account__c with new value 001Dn00000PjHlhIAF, current value is 001Dn00000PjJWvIAN:Account__c --,Geobrug (North America ),Geobrug (North America ),  ,,,  ,,40755,8/4/2018,DOCKERY,NET 30,Nofield,0,0,1920,1920,Balance Due,DCS_1505,DCS_1505,Geobrug (North America ),NULL,P,QuoteNo,31117
INVALID_FIELD_FOR_INSERT_UPDATE:Attempting to update (as part of an upsert) parent field Account__c with new value 001Dn00000PjI6hIAF, current value is 001Dn00000PjJWgIAN:Account__c --,Marcus Sam,,  ,,,  ,,40758,8/7/2018,POWDER,DUE ON RECEI,Nofield,11.26,0,1035.01,1035.01,Balance Due,DCS_2682,DCS_2682,Marcus Sam,NULL,P,QuoteNo,31118
INVALID_FIELD_FOR_INSERT_UPDATE:Attempting to update (as part of an upsert) parent field Account__c with new value 001Dn00000PjIRXIA3, current value is 001Dn00000PjJUsIAN:Account__c --,S Diamond Steel,S Diamond Steel,4205 W Lower Buckeye Rd  ,,Phoenix,AZ,85009,40757,8/7/2018,POWDER,NET 30,Nofield,0,0,525,525,Balance Due,DCS_3863,DCS_3863,S Diamond Steel,NULL,P,QuoteNo,31119
INVALID_FIELD_FOR_INSERT_UPDATE:Attempting to update (as part of an upsert) parent field Account__c with new value 001Dn00000PjIRXIA3, current value is 001Dn00000PjJUsIAN:Account__c --,S Diamond Steel,S Diamond Steel,4205 W Lower Buckeye Rd  ,,Phoenix,AZ,85009,40756,8/7/2018,POWDER,NET 30,Nofield,0,0,7466,7466,Balance Due,DCS_3863,DCS_3863,S Diamond Steel,NULL,P,QuoteNo,31120
INVALID_FIELD_FOR_INSERT_UPDATE:Attempting to update (as part of an upsert) parent field Account__c with new value 001Dn00000PjIZuIAN, current value is 001Dn00000PjJUsIAN:Account__c --,"The Cookson Company, Inc.","The Cookson Comapny, Inc.",2417 South 50th Avenue  ,,Phoenix,AZ,85043,40754,8/7/2018,BURN,NET 30,Nofield,0,0,476,476,Balance Due,DCS_4332,DCS_4332,"The Cookson Company, Inc.",NULL,P,QuoteNo,31121
INVALID_FIELD_FOR_INSERT_UPDATE:Attempting to update (as part of an upsert) parent field Account__c with new value 001Dn00000PjIiOIAV, current value is 001Dn00000PjJUsIAN:Account__c --,Hayden Industrial,Hayden Industrial,1393 E. San Bernardino Ave  ,,San Bernardino,CA,92408,40779MA,8/8/2018,POWDER,NET 30,Nofield,0,0,752,752,Balance Due,DCS_4811,DCS_4811,Hayden Industrial,NULL,P,QuoteNo,31122
INVALID_FIELD_FOR_INSERT_UPDATE:Attempting to update (as part of an upsert) parent field Account__c with new value 001Dn00000PjICpIAN, current value is 001Dn00000PjJWuIAN:Account__c --,Arizona Iron Furniture,,1209 W. Grand Ave.  ,,Phoenix,AZ,85007,40773,8/8/2018,POWDER,NET 30,Nofield,0,0,75,75,Balance Due,DCS_303,DCS_303,Arizona Iron Furniture,NULL,P,QuoteNo,31123
INVALID_FIELD_FOR_INSERT_UPDATE:Attempting to update (as part of an upsert) parent field Account__c with new value 001Dn00000PjIttIAF, current value is 001Dn00000PjJVnIAN:Account__c --,Bogart Racing Wheels,Bogart Racing Weels,  ,,,  ,,40774,8/8/2018,MUSH POWDER,NET 30,Nofield,0,0,136.5,136.5,Balance Due,DCS_548,DCS_548,Bogart Racing Wheels,NULL,P,QuoteNo,31124
INVALID_FIELD_FOR_INSERT_UPDATE:Attempting to update (as part of an upsert) parent field Account__c with new value 001Dn00000PjJJUIA3, current value is 001Dn00000PjJWwIAN:Account__c --,Cavco,,1366 S. Litchfield Rd.  Building 6,Building 6,Goodyear,AZ,85338,40752,8/7/2018,POWDER,NET 30,Nofield,0,0,306.25,306.25,Balance Due,DCS_693,DCS_693,Cavco,58:07.3,P,QuoteNo,31125
INVALID_FIELD_FOR_INSERT_UPDATE:Attempting to update (as part of an upsert) parent field Account__c with new value 001Dn00000PjIkiIAF, current value is 001Dn00000PjJUsIAN:Account__c --,Sulzer,Sulzer,2412 W. Durango St.  ,,Phoenix,AZ,85009,40775,8/7/2018,POWDER,DUE ON RECEI,Nofield,0,0,0,0,Balance Due,DCS_4932,DCS_4932,Sulzer,NULL,P,QuoteNo,31126
INVALID_FIELD_FOR_INSERT_UPDATE:Attempting to update (as part of an upsert) parent field Account__c with new value 001Dn00000PjIVyIAN, current value is 001Dn00000PjJUsIAN:Account__c --,Southwest Metalsmiths,Southwest Metalsmiths,5026 E Beverly Road  ,,Phoenix,AZ,85044,40792,8/8/2018,LIQUID,NET 30,Nofield,0,0,1141.29,1141.29,Balance Due,DCS_4110,DCS_4110,Southwest Metalsmiths,NULL,P,QuoteNo,31127
INVALID_FIELD_FOR_INSERT_UPDATE:Attempting to update (as part of an upsert) parent field Account__c with new value 001Dn00000PjIi5IAF, current value is 001Dn00000PjJVWIA3:Account__c --,Cory Johnson,Cory Johnson,  ,,,  ,,40791,8/8/2018,LIQUID,DUE ON RECEI,Nofield,0,0,252,252,Balance Due,DCS_4795,DCS_4795,Cory Johnson,NULL,P,QuoteNo,31128
INVALID_FIELD_FOR_INSERT_UPDATE:Attempting to update (as part of an upsert) parent field Account__c with new value 001Dn00000PjI34IAF, current value is 001Dn00000PjJVGIA3:Account__c --,Landmark Iron Designs,,8758 E. Waterford Cir.  ,,Mesa,AZ,85212,40781,8/8/2018,POWDER,NET 30,Nofield,0,0,1230,1230,Balance Due,DCS_2479,DCS_2479,Landmark Iron Designs,NULL,P,QuoteNo,31129
INVALID_FIELD_FOR_INSERT_UPDATE:Attempting to update (as part of an upsert) parent field Account__c with new value 001Dn00000PjHrGIAV, current value is 001Dn00000PjJW4IAN:Account__c --,JM WELDING,,  ,,,  ,,40783,8/8/2018,POWDER,NET 30,Nofield,0,0,472.5,472.5,Balance Due,DCS_1817,DCS_1817,JM WELDING,NULL,P,QuoteNo,31130
INVALID_FIELD_FOR_INSERT_UPDATE:Attempting to update (as part of an upsert) parent field Account__c with new value 001Dn00000PjIMUIA3, current value is 001Dn00000PjJUnIAN:Account__c --,ASU West Campus,ASU West Campus,4701 W. Thunderbird Rd  ,,,AZ,,40784,8/8/2018,POWDER,DUE ON RECEI,Nofield,0,0,352,352,Balance Due,DCS_358,DCS_358,ASU West Campus,NULL,P,QuoteNo,31131
INVALID_FIELD_FOR_INSERT_UPDATE:Attempting to update (as part of an upsert) parent field Account__c with new value 001Dn00000PjIK7IAN, current value is 001Dn00000PjJUoIAN:Account__c --,Premier Enviroment,Premier Enviroment,  ,,,  ,,40785,8/8/2018,POWDER,DUE ON RECEI,Nofield,1.73,0,159.23,159.23,Balance Due,DCS_3445,DCS_3445,Premier Enviroment,NULL,P,QuoteNo,31132
INVALID_FIELD_FOR_INSERT_UPDATE:Attempting to update (as part of an upsert) parent field Account__c with new value 001Dn00000PjI9jIAF, current value is 001Dn00000PjJUsIAN:Account__c --,Metal-Weld Specialties,Metal-Weld Specialties,8137 N. 83rd Ave  ,,Peoria,AZ,85345,40786,8/8/2018,POWDER,NET 30,Nofield,0,0,2305.8,2305.8,Balance Due,DCS_2853,DCS_2853,Metal-Weld Specialties,NULL,P,QuoteNo,31133
INVALID_FIELD_FOR_INSERT_UPDATE:Attempting to update (as part of an upsert) parent field Account__c with new value 001Dn00000PjIfpIAF, current value is 001Dn00000PjJUsIAN:Account__c --,"Western Millwork, Inc",Western Mill Work,2940 West Willetta Street  ,,Phoenix,AZ,85009,40787,8/8/2018,POWDER,NET 30,Nofield,0,0,157.5,157.5,Balance Due,DCS_4666,DCS_4666,"Western Millwork, Inc",NULL,P,QuoteNo,31134
INVALID_FIELD_FOR_INSERT_UPDATE:Attempting to update (as part of an upsert) parent field Account__c with new value 001Dn00000PjJO3IAN, current value is 001Dn00000PjJViIAN:Account__c --,"Dadee Manufacturing, LLC","Dadee Manufacturing, Llc",1824 W. Broadway  ,,Phoenix,AZ,85041,40790,8/8/2018,POWDER,NET 45,Nofield,0,0,280,280,Balance Due,DCS_940,DCS_940,"Dadee Manufacturing, LLC",NULL,P,QuoteNo,31137
INVALID_FIELD_FOR_INSERT_UPDATE:Attempting to update (as part of an upsert) parent field Account__c with new value 001Dn00000PjIjzIAF, current value is 001Dn00000PjJUlIAN:Account__c --,CSC Service Works,CSC Service Works,303 Sunnyside Blvd  Suite 70,Suite 70,Plainview,NY,11803,40776,8/8/2018,POWDER,DUE ON RECEI,Nofield,25.46,0,2340.18,2340.18,Balance Due,DCS_4892,DCS_4892,CSC Service Works,44:31.5,P,QuoteNo,31138
INVALID_FIELD_FOR_INSERT_UPDATE:Attempting to update (as part of an upsert) parent field Account__c with new value 001Dn00000PjIDzIAN, current value is 001Dn00000PjJW4IAN:Account__c --,Natural Blend,Natural Blend,  ,,,  ,,40777,8/8/2018,POWDER,DUE ON RECEI,Nofield,0,0,300.3,300.3,Balance Due,DCS_3098,DCS_3098,Natural Blend,NULL,P,QuoteNo,31139
INVALID_FIELD_FOR_INSERT_UPDATE:Attempting to update (as part of an upsert) parent field Account__c with new value 001Dn00000PjJETIA3, current value is 001Dn00000PjJUnIAN:Account__c --,Carbon Footprint,Carbon Footprint,920 East Madison Street  Suite 100,Suite 100,Phoenix,AZ,85023,40778,8/8/2018,POWDER,DUE ON RECEI,Nofield,0,0,1165,1165,Balance Due,DCS_665,DCS_665,Carbon Footprint,NULL,P,QuoteNo,31140
INVALID_FIELD_FOR_INSERT_UPDATE:Attempting to update (as part of an upsert) parent field Account__c with new value 001Dn00000PjHhXIAV, current value is 001Dn00000PjJWvIAN:Account__c --,Encore Steel,Encore Steel,Cesar Sandoval  Encore Steel,Encore Steel,,  ,,40779,8/8/2018,POWDER,NET 30,Nofield,0,0,204.75,204.75,Balance Due,DCS_1272,DCS_1272,Encore Steel,NULL,P,QuoteNo,31141
INVALID_FIELD_FOR_INSERT_UPDATE:Attempting to update (as part of an upsert) parent field Account__c with new value 001Dn00000PjIKoIAN, current value is 001Dn00000PjJV0IAN:Account__c --,Quality Iron Design,Quality Iron Design,Tim Freiland  3035 S. 35th Ave,3035 S. 35th Ave,Phoenix,AZ,85009,40780,8/8/2018,POWDER,NET 30,Nofield,0,0,454,454,Balance Due,DCS_3484,DCS_3484,Quality Iron Design,NULL,P,QuoteNo,31142
INVALID_FIELD_FOR_INSERT_UPDATE:Attempting to update (as part of an upsert) parent field Account__c with new value 001Dn00000PjIe5IAF, current value is 001Dn00000PjJUlIAN:Account__c --,Vern Lewis Welding Supplies,Vern Lewis Welding Supplies,  ,,,  ,,40763,8/7/2018,POWDER,DUE ON RECEI,Nofield,0,0,231,231,Balance Due,DCS_4567,DCS_4567,Vern Lewis Welding Supplies,NULL,P,QuoteNo,31143
INVALID_FIELD_FOR_INSERT_UPDATE:Attempting to update (as part of an upsert) parent field Account__c with new value 001Dn00000PjI9iIAF, current value is 001Dn00000PjJUlIAN:Account__c --,Metal Works Custom Fabrication,Metal Works Custom Fabrication,Pete  Metal Works Custom Fabrication,Metal Works Custom Fabrication,,  ,,40764,8/7/2018,POWDER,NET 30,Nofield,0,0,126,126,Balance Due,DCS_2852,DCS_2852,Metal Works Custom Fabrication,NULL,P,QuoteNo,31144
INVALID_FIELD_FOR_INSERT_UPDATE:Attempting to update (as part of an upsert) parent field Account__c with new value 001Dn00000PjIktIAF, current value is 001Dn00000PjJUlIAN:Account__c --,Richard Cuellar,Richard Cuellar,N/A  ,,,  ,,40769,8/7/2018,MUSH POWDER,DUE ON RECEI,Nofield,0,0,120,120,Balance Due,DCS_4942,DCS_4942,Richard Cuellar,NULL,P,QuoteNo,31145
INVALID_FIELD_FOR_INSERT_UPDATE:Attempting to update (as part of an upsert) parent field Account__c with new value 001Dn00000PjJJUIA3, current value is 001Dn00000PjJVnIAN:Account__c --,Cavco,,1366 S. Litchfield Rd.  Building 6,Building 6,Goodyear,AZ,85338,40753,8/7/2018,POWDER,NET 30,Nofield,0,0,126,126,Balance Due,DCS_693,DCS_693,Cavco,NULL,P,QuoteNo,31147
INVALID_FIELD_FOR_INSERT_UPDATE:Attempting to update (as part of an upsert) parent field Account__c with new value 001Dn00000PjJJUIA3, current value is 001Dn00000PjJW4IAN:Account__c --,Cavco,,1366 S. Litchfield Rd.  Building 6,Building 6,Goodyear,AZ,85338,40765,8/7/2018,POWDER,NET 30,Nofield,0,0,262.5,262.5,Balance Due,DCS_693,DCS_693,Cavco,NULL,P,QuoteNo,31148
INVALID_FIELD_FOR_INSERT_UPDATE:Attempting to update (as part of an upsert) parent field Account__c with new value 001Dn00000PjJJUIA3, current value is 001Dn00000PjJV0IAN:Account__c --,Cavco,,1366 S. Litchfield Rd.  Building 6,Building 6,Goodyear,AZ,85338,40766,8/7/2018,POWDER,NET 30,Nofield,0,0,126,126,Balance Due,DCS_693,DCS_693,Cavco,NULL,P,QuoteNo,31149
INVALID_FIELD_FOR_INSERT_UPDATE:Attempting to update (as part of an upsert) parent field Account__c with new value 001Dn00000PjHiAIAV, current value is 001Dn00000PjJWYIA3:Account__c --,ERVIN SHIPMAN,ERVIN SHIPMAN,  ,,,  ,,40772,8/7/2018,MUSH POWDER,DUE ON RECEI,Nofield,1.73,0,159.23,159.23,Balance Due,DCS_1307,DCS_1307,ERVIN SHIPMAN,NULL,P,QuoteNo,31150
INVALID_FIELD_FOR_INSERT_UPDATE:Attempting to update (as part of an upsert) parent field Account__c with new value 001Dn00000PjHiAIAV, current value is 001Dn00000PjJWxIAN:Account__c --,ERVIN SHIPMAN,ERVIN SHIPMAN,  ,,,  ,,40771,8/7/2018,MUSH POWDER,DUE ON RECEI,Nofield,1.73,0,159.23,159.23,Balance Due,DCS_1307,DCS_1307,ERVIN SHIPMAN,15:44.7,P,QuoteNo,31151
INVALID_FIELD_FOR_INSERT_UPDATE:Attempting to update (as part of an upsert) parent field Account__c with new value 001Dn00000PjIl8IAF, current value is 001Dn00000PjJW4IAN:Account__c --,Ben Alvarez,Ben Alvarez,6713 E. Earll Dr.  ,,Scottsdale,AZ,85251,40767,8/7/2018,POWDER,DUE ON RECEI,Nofield,17.52,0,1610.02,1610.02,Balance Due,DCS_4957,DCS_4957,Ben Alvarez,NULL,P,QuoteNo,31152
INVALID_FIELD_FOR_INSERT_UPDATE:Attempting to update (as part of an upsert) parent field Account__c with new value 001Dn00000PjIRXIA3, current value is 001Dn00000PjJVnIAN:Account__c --,S Diamond Steel,S Diamond Steel,4205 W Lower Buckeye Rd  ,,Phoenix,AZ,85009,40760,8/7/2018,POWDER,NET 30,Nofield,0,0,150,150,Balance Due,DCS_3863,DCS_3863,S Diamond Steel,NULL,P,QuoteNo,31153
INVALID_FIELD_FOR_INSERT_UPDATE:Attempting to update (as part of an upsert) parent field Account__c with new value 001Dn00000PjJO3IAN, current value is 001Dn00000PjJWYIA3:Account__c --,"Dadee Manufacturing, LLC","Dadee Manufacturing, Llc",1824 W. Broadway  ,,Phoenix,AZ,85041,40759,8/7/2018,POWDER,NET 45,Nofield,0,0,1550,1550,Balance Due,DCS_940,DCS_940,"Dadee Manufacturing, LLC",NULL,P,QuoteNo,31154
INVALID_FIELD_FOR_INSERT_UPDATE:Attempting to update (as part of an upsert) parent field Account__c with new value 001Dn00000PjIjQIAV, current value is 001Dn00000PjJUeIAN:Account__c --,Smart Toothpick,Smart Toothpick,  ,,,  ,,40768,8/7/2018,TEFLON,DUE ON RECEI,Nofield,13.86,0,1273.86,1273.86,Balance Due,DCS_4860,DCS_4860,Smart Toothpick,NULL,P,QuoteNo,31155
INVALID_FIELD_FOR_INSERT_UPDATE:Attempting to update (as part of an upsert) parent field Account__c with new value 001Dn00000PjIJqIAN, current value is 001Dn00000PjJUnIAN:Account__c --,"Artistic Alloys & Design, LLC","Artistic Alloys & Design, Llc","7145 E. Earll Drive, Suite#106  ",,Scottsdale,AZ,85251,40762,8/7/2018,POWDER,NET 30,Nofield,0,0,157.5,157.5,Balance Due,DCS_343,DCS_343,"Artistic Alloys & Design, LLC",NULL,P,QuoteNo,31156
INVALID_FIELD_FOR_INSERT_UPDATE:Attempting to update (as part of an upsert) parent field Account__c with new value 001Dn00000PjIJqIAN, current value is 001Dn00000PjJV0IAN:Account__c --,"Artistic Alloys & Design, LLC","Artistic Alloys & Design, Llc","7145 E. Earll Drive, Suite#106  ",,Scottsdale,AZ,85251,40761,8/7/2018,POWDER,NET 30,Nofield,0,0,210,210,Balance Due,DCS_343,DCS_343,"Artistic Alloys & Design, LLC",NULL,P,QuoteNo,31157
INVALID_FIELD_FOR_INSERT_UPDATE:Attempting to update (as part of an upsert) parent field Account__c with new value 001Dn00000PjICDIA3, current value is 001Dn00000PjJUnIAN:Account__c --,"Milco Solutions, Inc","Milco Solutions, Inc",Po Box 18171  ,,Phoenix,AZ,85005-8171,40782,8/9/2018,POWDER,NET 30,Nofield,0,0,651,651,Balance Due,DCS_2993,DCS_2993,"Milco Solutions, Inc",NULL,P,QuoteNo,31159
INVALID_FIELD_FOR_INSERT_UPDATE:Attempting to update (as part of an upsert) parent field Account__c with new value 001Dn00000PjIiOIAV, current value is 001Dn00000PjJV0IAN:Account__c --,Hayden Industrial,Hayden Industrial,1393 E. San Bernardino Ave  ,,San Bernardino,CA,92408,40794,8/9/2018,POWDER,DUE ON RECEI,Nofield,0,0,194.25,194.25,Balance Due,DCS_4811,DCS_4811,Hayden Industrial,NULL,P,QuoteNo,31161
INVALID_FIELD_FOR_INSERT_UPDATE:Attempting to update (as part of an upsert) parent field Account__c with new value 001Dn00000PjIMQIA3, current value is 001Dn00000PjJUxIAN:Account__c --,Redburn Tire Co.,Redburn Tire Co.,3801 W. Clarendon  ,,Phoenix,AZ,85019,40797,8/9/2018,POWDER,NET 30,Nofield,0,0,200,200,Balance Due,DCS_3575,DCS_3575,Redburn Tire Co.,24:02.4,P,QuoteNo,31162
INVALID_FIELD_FOR_INSERT_UPDATE:Attempting to update (as part of an upsert) parent field Account__c with new value 001Dn00000PjIVuIAN, current value is 001Dn00000PjJVnIAN:Account__c --,Southwest Fabrication,Southwest Fabrication,Mike Hintze  Southwest Fabrication,Southwest Fabrication,Phoenix,AZ,85027,40798,8/9/2018,POWDER,NET 30,Nofield,0,0,68.25,68.25,Balance Due,DCS_4107,DCS_4107,Southwest Fabrication,NULL,P,QuoteNo,31163
INVALID_FIELD_FOR_INSERT_UPDATE:Attempting to update (as part of an upsert) parent field Account__c with new value 001Dn00000PjI6AIAV, current value is 001Dn00000PjJUlIAN:Account__c --,Magnum Engineering Inc.,Magnum Engineering Inc.,Gregory Brockman  Magnum Engineering Inc.,Magnum Engineering Inc.,,  ,,40801,8/9/2018,POWDER,NET 30,Nofield,0,0,0,0,Balance Due,DCS_2652,DCS_2652,Magnum Engineering Inc.,NULL,P,QuoteNo,31164
INVALID_FIELD_FOR_INSERT_UPDATE:Attempting to update (as part of an upsert) parent field Account__c with new value 001Dn00000PjICYIA3, current value is 001Dn00000PjJUdIAN:Account__c --,Misc T Metals,Misc T Metals,1905 S. Macdonald #6  ,,Mesa,AZ,85210,40800,8/9/2018,POWDER,NET 30,Nofield,0,0,236.25,236.25,Balance Due,DCS_3012,DCS_3012,Misc T Metals,27:50.7,P,QuoteNo,31165
INVALID_FIELD_FOR_INSERT_UPDATE:Attempting to update (as part of an upsert) parent field Account__c with new value 001Dn00000PjIDrIAN, current value is 001Dn00000PjJV0IAN:Account__c --,Arizona Pool Fence,Arizona Pool Fence,  ,,,  ,,40811,8/9/2018,POWDER,NET 30,Nofield,0,0,105,105,Balance Due,DCS_309,DCS_309,Arizona Pool Fence,NULL,P,QuoteNo,31166
INVALID_FIELD_FOR_INSERT_UPDATE:Attempting to update (as part of an upsert) parent field Account__c with new value 001Dn00000PjIDrIAN, current value is 001Dn00000PjJVnIAN:Account__c --,Arizona Pool Fence,Arizona Pool Fence,  ,,,  ,,40810,8/9/2018,POWDER,NET 30,Nofield,0,0,105,105,Balance Due,DCS_309,DCS_309,Arizona Pool Fence,NULL,P,QuoteNo,31167
INVALID_FIELD_FOR_INSERT_UPDATE:Attempting to update (as part of an upsert) parent field Account__c with new value 001Dn00000PjIDrIAN, current value is 001Dn00000PjJUsIAN:Account__c --,Arizona Pool Fence,Arizona Pool Fence,  ,,,  ,,40809,8/9/2018,POWDER,NET 30,Nofield,0,0,105,105,Balance Due,DCS_309,DCS_309,Arizona Pool Fence,NULL,P,QuoteNo,31168
INVALID_FIELD_FOR_INSERT_UPDATE:Attempting to update (as part of an upsert) parent field Account__c with new value 001Dn00000PjIDrIAN, current value is 001Dn00000PjJV0IAN:Account__c --,Arizona Pool Fence,Arizona Pool Fence,  ,,,  ,,40808,8/9/2018,POWDER,NET 30,Nofield,0,0,105,105,Balance Due,DCS_309,DCS_309,Arizona Pool Fence,NULL,P,QuoteNo,31169
INVALID_FIELD_FOR_INSERT_UPDATE:Attempting to update (as part of an upsert) parent field Account__c with new value 001Dn00000PjIRXIA3, current value is 001Dn00000PjJVGIA3:Account__c --,S Diamond Steel,S Diamond Steel,4205 W Lower Buckeye Rd  ,,Phoenix,AZ,85009,40803,8/9/2018,POWDER,NET 30,Nofield,0,0,955,955,Balance Due,DCS_3863,DCS_3863,S Diamond Steel,NULL,P,QuoteNo,31170
INVALID_FIELD_FOR_INSERT_UPDATE:Attempting to update (as part of an upsert) parent field Account__c with new value 001Dn00000PjHifIAF, current value is 001Dn00000PjJV0IAN:Account__c --,"Fabrication Concepts, Inc.",Fabrication Concepts,Fabrication Concepts  ,,Peoria,AZ,85383,40806,8/9/2018,POWDER,DUE ON RECEI,Nofield,0,0,126,126,Balance Due,DCS_1335,DCS_1335,"Fabrication Concepts, Inc.",NULL,P,QuoteNo,31171
INVALID_FIELD_FOR_INSERT_UPDATE:Attempting to update (as part of an upsert) parent field Account__c with new value 001Dn00000PjICDIA3, current value is 001Dn00000PjJVWIA3:Account__c --,"Milco Solutions, Inc","Milco Solutions, Inc",Po Box 18171  ,,Phoenix,AZ,85005-8171,40799,8/9/2018,POWDER,NET 30,Nofield,0,0,100,100,Balance Due,DCS_2993,DCS_2993,"Milco Solutions, Inc",NULL,P,QuoteNo,31173
INVALID_FIELD_FOR_INSERT_UPDATE:Attempting to update (as part of an upsert) parent field Account__c with new value 001Dn00000PjJDaIAN, current value is 001Dn00000PjJWuIAN:Account__c --,Capital Pump & Equipment,Capital Pump & Equipment,9229 S. Hardy Dr.  ,,Tempe,AZ,85284,40796,8/9/2018,POWDER,NET 30,Nofield,0,0,3323.25,3323.25,Balance Due,DCS_660,DCS_660,Capital Pump & Equipment,NULL,P,QuoteNo,31175
INVALID_FIELD_FOR_INSERT_UPDATE:Attempting to update (as part of an upsert) parent field Account__c with new value 001Dn00000PjHjjIAF, current value is 001Dn00000PjJV0IAN:Account__c --,"FMD Fabrication Services, LLC",FMD Fabrication Services,3401 E. Weir Ave  ,,Phoenix,AZ,85040,40807,8/10/2018,POWDER,NET 30,Nofield,0,0,446.25,446.25,Balance Due,DCS_1395,DCS_1395,"FMD Fabrication Services, LLC",NULL,P,QuoteNo,31176
INVALID_FIELD_FOR_INSERT_UPDATE:Attempting to update (as part of an upsert) parent field Account__c with new value 001Dn00000PjICpIAN, current value is 001Dn00000PjJViIAN:Account__c --,Arizona Iron Furniture,,1209 W. Grand Ave.  ,,Phoenix,AZ,85007,40813,8/8/2018,POWDER,NET 30,Nofield,0,0,94.18,94.18,Balance Due,DCS_303,DCS_303,Arizona Iron Furniture,NULL,P,QuoteNo,31178
INVALID_FIELD_FOR_INSERT_UPDATE:Attempting to update (as part of an upsert) parent field Account__c with new value 001Dn00000PjICpIAN, current value is 001Dn00000PjJVnIAN:Account__c --,Arizona Iron Furniture,,1209 W. Grand Ave.  ,,Phoenix,AZ,85007,40814,8/8/2018,POWDER,NET 30,Nofield,0,0,75,75,Balance Due,DCS_303,DCS_303,Arizona Iron Furniture,NULL,P,QuoteNo,31179
INVALID_FIELD_FOR_INSERT_UPDATE:Attempting to update (as part of an upsert) parent field Account__c with new value 001Dn00000PjICpIAN, current value is 001Dn00000PjJW4IAN:Account__c --,Arizona Iron Furniture,,1209 W. Grand Ave.  ,,Phoenix,AZ,85007,40815,8/8/2018,POWDER,NET 30,Nofield,0,0,190.18,190.18,Balance Due,DCS_303,DCS_303,Arizona Iron Furniture,NULL,P,QuoteNo,31180
INVALID_FIELD_FOR_INSERT_UPDATE:Attempting to update (as part of an upsert) parent field Account__c with new value 001Dn00000PjICpIAN, current value is 001Dn00000PjJV0IAN:Account__c --,Arizona Iron Furniture,,1209 W. Grand Ave.  ,,Phoenix,AZ,85007,40816,8/8/2018,POWDER,NET 30,Nofield,0,0,191.52,191.52,Balance Due,DCS_303,DCS_303,Arizona Iron Furniture,NULL,P,QuoteNo,31181
INVALID_FIELD_FOR_INSERT_UPDATE:Attempting to update (as part of an upsert) parent field Account__c with new value 001Dn00000PjICpIAN, current value is 001Dn00000PjJVWIA3:Account__c --,Arizona Iron Furniture,,1209 W. Grand Ave.  ,,Phoenix,AZ,85007,40817,8/8/2018,POWDER,NET 30,Nofield,0,0,154.37,154.37,Balance Due,DCS_303,DCS_303,Arizona Iron Furniture,NULL,P,QuoteNo,31182
INVALID_FIELD_FOR_INSERT_UPDATE:Attempting to update (as part of an upsert) parent field Account__c with new value 001Dn00000PjICpIAN, current value is 001Dn00000PjJVnIAN:Account__c --,Arizona Iron Furniture,,1209 W. Grand Ave.  ,,Phoenix,AZ,85007,40818,8/8/2018,POWDER,NET 30,Nofield,0,0,366.52,366.52,Balance Due,DCS_303,DCS_303,Arizona Iron Furniture,NULL,P,QuoteNo,31183
INVALID_FIELD_FOR_INSERT_UPDATE:Attempting to update (as part of an upsert) parent field Account__c with new value 001Dn00000PjICpIAN, current value is 001Dn00000PjJUxIAN:Account__c --,Arizona Iron Furniture,,1209 W. Grand Ave.  ,,Phoenix,AZ,85007,40824,8/8/2018,POWDER,NET 30,Nofield,0,0,700.26,700.26,Balance Due,DCS_303,DCS_303,Arizona Iron Furniture,NULL,P,QuoteNo,31187
INVALID_FIELD_FOR_INSERT_UPDATE:Attempting to update (as part of an upsert) parent field Account__c with new value 001Dn00000PjICpIAN, current value is 001Dn00000PjJUnIAN:Account__c --,Arizona Iron Furniture,,1209 W. Grand Ave.  ,,Phoenix,AZ,85007,40826,8/8/2018,POWDER,NET 30,Nofield,0,0,786.38,786.38,Balance Due,DCS_303,DCS_303,Arizona Iron Furniture,NULL,P,QuoteNo,31188
INVALID_FIELD_FOR_INSERT_UPDATE:Attempting to update (as part of an upsert) parent field Account__c with new value 001Dn00000PjIguIAF, current value is 001Dn00000PjJV0IAN:Account__c --,"Xicano Chop Shop, LLC",Xicano Chop Shop LLC,  ,,,  ,,40833,8/10/2018,POWDER,NET 30,Nofield,0,0,5,5,Balance Due,DCS_4727,DCS_4727,"Xicano Chop Shop, LLC",NULL,P,QuoteNo,31189
INVALID_FIELD_FOR_INSERT_UPDATE:Attempting to update (as part of an upsert) parent field Account__c with new value 001Dn00000PjIlOIAV, current value is 001Dn00000PjJV0IAN:Account__c --,CKR Fab Works,CKR Fab Works,"9845 N. 21st Ave., #4 & 5  ",,Phoenix,AZ,85021,40831,8/10/2018,POWDER,DUE ON RECEI,Nofield,0,0,850,850,Balance Due,DCS_4972,DCS_4972,CKR Fab Works,NULL,P,QuoteNo,31190
INVALID_FIELD_FOR_INSERT_UPDATE:Attempting to update (as part of an upsert) parent field Account__c with new value 001Dn00000PjICDIA3, current value is 001Dn00000PjJViIAN:Account__c --,"Milco Solutions, Inc","Milco Solutions, Inc",Po Box 18171  ,,Phoenix,AZ,85005-8171,40829,8/10/2018,POWDER,NET 30,Nofield,0,0,156,156,Balance Due,DCS_2993,DCS_2993,"Milco Solutions, Inc",NULL,P,QuoteNo,31191
INVALID_FIELD_FOR_INSERT_UPDATE:Attempting to update (as part of an upsert) parent field Account__c with new value 001Dn00000PjJO3IAN, current value is 001Dn00000PjJVnIAN:Account__c --,"Dadee Manufacturing, LLC","Dadee Manufacturing, Llc",1824 W. Broadway  ,,Phoenix,AZ,85041,40825,8/10/2018,POWDER,NET 45,Nofield,0,0,120,120,Balance Due,DCS_940,DCS_940,"Dadee Manufacturing, LLC",NULL,P,QuoteNo,31194
INVALID_FIELD_FOR_INSERT_UPDATE:Attempting to update (as part of an upsert) parent field Account__c with new value 001Dn00000PjJNWIA3, current value is 001Dn00000PjJVWIA3:Account__c --,CROSS ROADS,CROSS ROADS,  ,,,  ,,40830,8/10/2018,POWDER,DUE ON RECEI,Nofield,0,0,1950.38,1950.38,Balance Due,DCS_910,DCS_910,CROSS ROADS,01:54.4,P,QuoteNo,31196
INVALID_FIELD_FOR_INSERT_UPDATE:Attempting to update (as part of an upsert) parent field Account__c with new value 001Dn00000PjIR2IAN, current value is 001Dn00000PjJUxIAN:Account__c --,Rustic Express,Rustic Express,13830 N. 19th Way  ,,Phoenix,AZ,85022,40804,8/9/2018,POWDER,DUE ON RECEI,Nofield,0,0,242,242,Balance Due,DCS_3834,DCS_3834,Rustic Express,59:18.4,P,QuoteNo,31197
INVALID_FIELD_FOR_INSERT_UPDATE:Attempting to update (as part of an upsert) parent field Account__c with new value 001Dn00000PjIZuIAN, current value is 001Dn00000PjJWuIAN:Account__c --,"The Cookson Company, Inc.","The Cookson Comapny, Inc.",2417 South 50th Avenue  ,,Phoenix,AZ,85043,40832,8/10/2018,BURN,NET 30,Nofield,0,0,679,679,Balance Due,DCS_4332,DCS_4332,"The Cookson Company, Inc.",NULL,P,QuoteNo,31198
INVALID_FIELD_FOR_INSERT_UPDATE:Attempting to update (as part of an upsert) parent field Account__c with new value 001Dn00000PjIKcIAN, current value is 001Dn00000PjJUnIAN:Account__c --,Pure Plastics,Pure Plastics,3047 N. 31st Ave.  ,,Phoenix,AZ,85017,40854,8/10/2018,DOCKERY,NET 30,Nofield,0,0,4410,4410,Balance Due,DCS_3473,DCS_3473,Pure Plastics,NULL,P,QuoteNo,31201
INVALID_FIELD_FOR_INSERT_UPDATE:Attempting to update (as part of an upsert) parent field Account__c with new value 001Dn00000PjJO3IAN, current value is 001Dn00000PjJUlIAN:Account__c --,"Dadee Manufacturing, LLC","Dadee Manufacturing, Llc",1824 W. Broadway  ,,Phoenix,AZ,85041,40863,8/11/2018,POWDER,NET 45,Nofield,0,0,2325,2325,Balance Due,DCS_940,DCS_940,"Dadee Manufacturing, LLC",NULL,P,QuoteNo,31202
INVALID_FIELD_FOR_INSERT_UPDATE:Attempting to update (as part of an upsert) parent field Account__c with new value 001Dn00000PjIjeIAF, current value is 001Dn00000PjJUnIAN:Account__c --,Empire / Cat  (Southwest),Empire / Cat,1725 S. Country Club Dr.  ,,Mesa,AZ,85210,40846,8/10/2018,POWDER,DUE ON RECEI,Nofield,0,0,706.65,706.65,Balance Due,DCS_4873,DCS_4873,Empire / Cat  (Southwest),53:42.7,P,QuoteNo,31203
INVALID_FIELD_FOR_INSERT_UPDATE:Attempting to update (as part of an upsert) parent field Account__c with new value 001Dn00000PjIlNIAV, current value is 001Dn00000PjJVWIA3:Account__c --,Real Good Food,Real Good Food,No info  ,,,  ,,40859,8/10/2018,TEFLON,DUE ON RECEI,Nofield,11.55,0,1061.55,1061.55,Balance Due,DCS_4971,DCS_4971,Real Good Food,NULL,P,QuoteNo,31204
INVALID_FIELD_FOR_INSERT_UPDATE:Attempting to update (as part of an upsert) parent field Account__c with new value 001Dn00000PjIJrIAN, current value is 001Dn00000PjJUlIAN:Account__c --,PPE Engineering,PPE Engineering,"5861 S. Kyrene, Suite 1  ",,,  ,,40857,8/10/2018,CERAMIC,NET 30,Nofield,0,0,150,150,Balance Due,DCS_3430,DCS_3430,PPE Engineering,NULL,P,QuoteNo,31206
INVALID_FIELD_FOR_INSERT_UPDATE:Attempting to update (as part of an upsert) parent field Account__c with new value 001Dn00000PjIJ5IAN, current value is 001Dn00000PjJVnIAN:Account__c --,"Phoenix Pumps, Inc.","Phoenix Pumps, Inc.",5100 S. 36th Street  ,,,  ,,40853,8/11/2018,LIQUID,NET 30,Nofield,0,0,2825,2825,Balance Due,DCS_3386,DCS_3386,"Phoenix Pumps, Inc.",NULL,P,QuoteNo,31209
INVALID_FIELD_FOR_INSERT_UPDATE:Attempting to update (as part of an upsert) parent field Account__c with new value 001Dn00000PjICpIAN, current value is 001Dn00000PjJUdIAN:Account__c --,Arizona Iron Furniture,,1209 W. Grand Ave.  ,,Phoenix,AZ,85007,40852,8/9/2018,POWDER,NET 30,Nofield,0,0,1095,1095,Balance Due,DCS_303,DCS_303,Arizona Iron Furniture,NULL,P,QuoteNo,31210
INVALID_FIELD_FOR_INSERT_UPDATE:Attempting to update (as part of an upsert) parent field Account__c with new value 001Dn00000PjICpIAN, current value is 001Dn00000PjJUnIAN:Account__c --,Arizona Iron Furniture,,1209 W. Grand Ave.  ,,Phoenix,AZ,85007,40851,8/9/2018,POWDER,NET 30,Nofield,0,0,950,950,Balance Due,DCS_303,DCS_303,Arizona Iron Furniture,NULL,P,QuoteNo,31211
INVALID_FIELD_FOR_INSERT_UPDATE:Attempting to update (as part of an upsert) parent field Account__c with new value 001Dn00000PjICpIAN, current value is 001Dn00000PjJUnIAN:Account__c --,Arizona Iron Furniture,,1209 W. Grand Ave.  ,,Phoenix,AZ,85007,40850,8/9/2018,POWDER,NET 30,Nofield,0,0,190.18,190.18,Balance Due,DCS_303,DCS_303,Arizona Iron Furniture,NULL,P,QuoteNo,31212
INVALID_FIELD_FOR_INSERT_UPDATE:Attempting to update (as part of an upsert) parent field Account__c with new value 001Dn00000PjIKoIAN, current value is 001Dn00000PjJUlIAN:Account__c --,Quality Iron Design,Quality Iron Design,Tim Freiland  3035 S. 35th Ave,3035 S. 35th Ave,Phoenix,AZ,85009,40849,8/10/2018,POWDER,NET 30,Nofield,0,0,475,475,Balance Due,DCS_3484,DCS_3484,Quality Iron Design,NULL,P,QuoteNo,31213
INVALID_FIELD_FOR_INSERT_UPDATE:Attempting to update (as part of an upsert) parent field Account__c with new value 001Dn00000PjIKoIAN, current value is 001Dn00000PjJWhIAN:Account__c --,Quality Iron Design,Quality Iron Design,Tim Freiland  3035 S. 35th Ave,3035 S. 35th Ave,Phoenix,AZ,85009,40848,8/10/2018,POWDER,NET 30,Nofield,0,0,280,280,Balance Due,DCS_3484,DCS_3484,Quality Iron Design,NULL,P,QuoteNo,31214
INVALID_FIELD_FOR_INSERT_UPDATE:Attempting to update (as part of an upsert) parent field Account__c with new value 001Dn00000PjIe7IAF, current value is 001Dn00000PjJVnIAN:Account__c --,Versatek Solutions,,"Steve Taylor  Versatek Solutions, Llc","Versatek Solutions, Llc",Mesa,AZ,85205,40847,8/9/2018,POWDER,NET 30,Nofield,0,0,157.5,157.5,Balance Due,DCS_4569,DCS_4569,Versatek Solutions,NULL,P,QuoteNo,31215
INVALID_FIELD_FOR_INSERT_UPDATE:Attempting to update (as part of an upsert) parent field Account__c with new value 001Dn00000PjIlFIAV, current value is 001Dn00000PjJUlIAN:Account__c --,Carlos Arguello/Morales,Carlos Arguello/Morales,Walk - in  ,,,  ,,40845,8/10/2018,POWDER,DUE ON RECEI,Nofield,1.73,0,159.23,159.23,Balance Due,DCS_4964,DCS_4964,Carlos Arguello/Morales,NULL,P,QuoteNo,31216
INVALID_FIELD_FOR_INSERT_UPDATE:Attempting to update (as part of an upsert) parent field Account__c with new value 001Dn00000PjICDIA3, current value is 001Dn00000PjJUnIAN:Account__c --,"Milco Solutions, Inc","Milco Solutions, Inc",Po Box 18171  ,,Phoenix,AZ,85005-8171,40844,8/10/2018,POWDER,NET 30,Nofield,0,0,1560,1560,Balance Due,DCS_2993,DCS_2993,"Milco Solutions, Inc",NULL,P,QuoteNo,31217
INVALID_FIELD_FOR_INSERT_UPDATE:Attempting to update (as part of an upsert) parent field Account__c with new value 001Dn00000PjIKoIAN, current value is 001Dn00000PjJV0IAN:Account__c --,Quality Iron Design,Quality Iron Design,Tim Freiland  3035 S. 35th Ave,3035 S. 35th Ave,Phoenix,AZ,85009,40843,8/10/2018,POWDER,NET 30,Nofield,0,0,125,125,Balance Due,DCS_3484,DCS_3484,Quality Iron Design,NULL,P,QuoteNo,31218
INVALID_FIELD_FOR_INSERT_UPDATE:Attempting to update (as part of an upsert) parent field Account__c with new value 001Dn00000PjIKoIAN, current value is 001Dn00000PjJUdIAN:Account__c --,Quality Iron Design,Quality Iron Design,Tim Freiland  3035 S. 35th Ave,3035 S. 35th Ave,Phoenix,AZ,85009,40842,8/10/2018,POWDER,NET 30,Nofield,0,0,325,325,Balance Due,DCS_3484,DCS_3484,Quality Iron Design,NULL,P,QuoteNo,31219
INVALID_FIELD_FOR_INSERT_UPDATE:Attempting to update (as part of an upsert) parent field Account__c with new value 001Dn00000PjIKoIAN, current value is 001Dn00000PjJUnIAN:Account__c --,Quality Iron Design,Quality Iron Design,Tim Freiland  3035 S. 35th Ave,3035 S. 35th Ave,Phoenix,AZ,85009,40841,8/10/2018,POWDER,NET 30,Nofield,0,0,75,75,Balance Due,DCS_3484,DCS_3484,Quality Iron Design,NULL,P,QuoteNo,31220
INVALID_FIELD_FOR_INSERT_UPDATE:Attempting to update (as part of an upsert) parent field Account__c with new value 001Dn00000PjIKoIAN, current value is 001Dn00000PjJWvIAN:Account__c --,Quality Iron Design,Quality Iron Design,Tim Freiland  3035 S. 35th Ave,3035 S. 35th Ave,Phoenix,AZ,85009,40840,8/10/2018,POWDER,NET 30,Nofield,0,0,143,143,Balance Due,DCS_3484,DCS_3484,Quality Iron Design,NULL,P,QuoteNo,31221
INVALID_FIELD_FOR_INSERT_UPDATE:Attempting to update (as part of an upsert) parent field Account__c with new value 001Dn00000PjIKoIAN, current value is 001Dn00000PjJUlIAN:Account__c --,Quality Iron Design,Quality Iron Design,Tim Freiland  3035 S. 35th Ave,3035 S. 35th Ave,Phoenix,AZ,85009,40838,8/10/2018,POWDER,NET 30,Nofield,0,0,80,80,Balance Due,DCS_3484,DCS_3484,Quality Iron Design,NULL,P,QuoteNo,31223
INVALID_FIELD_FOR_INSERT_UPDATE:Attempting to update (as part of an upsert) parent field Account__c with new value 001Dn00000PjJBJIA3, current value is 001Dn00000PjJVWIA3:Account__c --,C+D LLC.,C+D LLC.,  ,,,  ,,40837,8/9/2018,POWDER,DUE ON RECEI,Nofield,0,0,412.65,412.65,Balance Due,DCS_647,DCS_647,C+D LLC.,NULL,P,QuoteNo,31224
INVALID_FIELD_FOR_INSERT_UPDATE:Attempting to update (as part of an upsert) parent field Account__c with new value 001Dn00000PjHrGIAV, current value is 001Dn00000PjJUnIAN:Account__c --,JM WELDING,,  ,,,  ,,40836,8/9/2018,MUSH POWDER,NET 30,Nofield,0,0,315,315,Balance Due,DCS_1817,DCS_1817,JM WELDING,NULL,P,QuoteNo,31225
INVALID_FIELD_FOR_INSERT_UPDATE:Attempting to update (as part of an upsert) parent field Account__c with new value 001Dn00000PjICDIA3, current value is 001Dn00000PjJWvIAN:Account__c --,"Milco Solutions, Inc","Milco Solutions, Inc",Po Box 18171  ,,Phoenix,AZ,85005-8171,40835,8/11/2018,POWDER,NET 30,Nofield,0,0,724.8,724.8,Balance Due,DCS_2993,DCS_2993,"Milco Solutions, Inc",NULL,P,QuoteNo,31226
INVALID_FIELD_FOR_INSERT_UPDATE:Attempting to update (as part of an upsert) parent field Account__c with new value 001Dn00000PjIkYIAV, current value is 001Dn00000PjJUeIAN:Account__c --,Randy Ford,Randy Ford,Walk-in  ,,,  ,,40834,8/11/2018,POWDER,DUE ON RECEI,Nofield,10.74,0,987.24,987.24,Balance Due,DCS_4923,DCS_4923,Randy Ford,NULL,P,QuoteNo,31227
INVALID_FIELD_FOR_INSERT_UPDATE:Attempting to update (as part of an upsert) parent field Account__c with new value 001Dn00000PjIKoIAN, current value is 001Dn00000PjJVnIAN:Account__c --,Quality Iron Design,Quality Iron Design,Tim Freiland  3035 S. 35th Ave,3035 S. 35th Ave,Phoenix,AZ,85009,40862,8/10/2018,POWDER,NET 30,Nofield,0,0,200,200,Balance Due,DCS_3484,DCS_3484,Quality Iron Design,NULL,P,QuoteNo,31228
INVALID_FIELD_FOR_INSERT_UPDATE:Attempting to update (as part of an upsert) parent field Account__c with new value 001Dn00000PjI34IAF, current value is 001Dn00000PjJUlIAN:Account__c --,Landmark Iron Designs,,8758 E. Waterford Cir.  ,,Mesa,AZ,85212,40861,8/10/2018,POWDER,NET 30,Nofield,0,0,1251.89,1251.89,Balance Due,DCS_2479,DCS_2479,Landmark Iron Designs,NULL,P,QuoteNo,31229
